City_ID,City,Lat,Lng,Max Temp,Humidity,Cloudiness,Wind Speed,Country,Date
0,avarua,-21.2078,-159.775,28.03,83,20,5.66,CK,1715289097
1,port mathurin,-19.6833,63.4167,25.22,76,100,10.09,MU,1715289097
2,ar rutbah,33.0381,40.2848,22.34,19,4,6.72,IQ,1715289098
3,yelm,46.942,-122.606,24.38,52,6,0.89,US,1715288822
4,blackmans bay,-43.0167,147.3167,11.52,96,99,1.67,AU,1715289099
5,isafjordur,66.0755,-23.124,3.61,69,88,2.44,IS,1715289099
6,hamilton,39.1834,-84.5333,22.69,83,75,8.23,US,1715289099
7,bethel,41.3712,-73.414,20.3,54,0,2.06,US,1715289100
8,jamestown,42.097,-79.2353,15.57,51,100,2.57,US,1715289100
9,waitangi,-43.9535,-176.5597,8.79,84,99,1.79,NZ,1715289101
10,utrik,11.2278,169.8474,27.13,77,94,8.41,MH,1715289101
11,qarqaraly,49.4058,75.4742,15.68,43,81,3.02,KZ,1715289102
12,idri,27.5,13.2667,25.01,20,21,7.14,LY,1715289102
13,mili,6.0815,171.735,28.25,83,100,5.54,MH,1715289103
14,karratha,-20.7377,116.8463,22.04,37,44,5.09,AU,1715289103
15,port elizabeth,-33.918,25.5701,15.73,95,0,1.34,ZA,1715289104
16,port-aux-francais,-49.35,70.2167,5.69,91,91,16.49,TF,1715289104
17,bagnara calabra,38.2885,15.8078,17.83,97,88,0.21,IT,1715289104
18,fort bragg,35.139,-79.006,27.12,72,20,6.17,US,1715289105
19,yellowknife,62.456,-114.3525,13.62,35,1,5.13,CA,1715288930
20,hashtpar,37.8008,48.9037,15.54,87,72,1.38,IR,1715289106
21,senj,44.9894,14.9058,19.37,78,96,6.05,HR,1715289106
22,puerto natales,-51.7236,-72.4875,1.25,93,75,2.57,CL,1715289107
23,longyearbyen,78.2186,15.6401,0.91,69,75,7.2,SJ,1715289107
24,punta arenas,-53.15,-70.9167,4.06,81,75,2.57,CL,1715289108
25,ribeira grande,38.5167,-28.7,18.21,88,87,4.02,PT,1715289108
26,el granada,37.5027,-122.4694,30.32,35,20,3.09,US,1715289109
27,invercargill,-46.4,168.35,9.45,81,93,5.36,NZ,1715289109
28,san jorge,-31.8962,-61.8598,11.14,60,91,3.22,AR,1715289110
29,caibarien,22.5206,-79.4669,32.62,69,2,7.01,CU,1715289110
30,tolanaro,-25.0319,46.9987,22.0,86,0,5.32,MG,1715289111
31,stanley,54.868,-1.6985,15.77,82,0,2.06,GB,1715289111
32,nadym,65.5333,72.5167,1.65,100,100,11.92,RU,1715289112
33,ushuaia,-54.8,-68.3,-1.89,93,10,0.79,AR,1715289112
34,uturoa,-16.7333,-151.4333,27.7,74,13,6.82,PF,1715289113
35,pangoa,-12.1167,-73.0,27.33,73,85,1.62,PE,1715289113
36,nago,26.5881,127.9761,20.08,70,94,2.84,JP,1715289113
37,paita,-5.0892,-81.1144,23.58,72,50,8.1,PE,1715289114
38,hermanus,-34.4187,19.2345,13.91,75,0,4.61,ZA,1715289115
39,rongelap,11.1635,166.8941,27.19,78,59,8.37,MH,1715289115
40,adamstown,-25.066,-130.1015,21.76,75,70,3.3,PN,1715289116
41,irymple,-34.25,142.1667,9.49,87,6,3.07,AU,1715289116
42,bilibino,68.0546,166.4372,-2.73,91,100,0.58,RU,1715289117
43,arroyo de la luz,39.4851,-6.584,19.3,40,44,1.77,ES,1715289118
44,tralee,52.2704,-9.7026,12.17,81,100,2.91,IE,1715289119
45,saint-philippe,-21.3585,55.7679,21.77,80,65,7.06,RE,1715289119
46,madhogarh,26.276,79.1869,31.23,38,0,5.81,IN,1715289120
47,grytviken,-54.2811,-36.5092,-1.23,83,100,1.41,GS,1715289120
48,lebu,-37.6167,-73.65,11.31,80,82,2.67,CL,1715289120
49,maridi,4.9158,29.4742,20.79,95,100,2.65,SS,1715289121
50,badger,64.8,-147.5333,10.93,53,75,5.14,US,1715289121
51,kingston,17.997,-76.7936,30.09,75,100,2.1,JM,1715289122
52,san pedro pochutla,15.7333,-96.4667,30.84,36,97,4.11,MX,1715289001
53,seven pagodas,12.6264,80.1722,31.16,79,3,3.81,IN,1715289123
54,ilulissat,69.2167,-51.1,-2.99,74,20,4.12,GL,1715289123
55,broome,42.2506,-75.833,16.92,64,75,2.57,US,1715289124
56,vadso,70.0744,29.7487,0.09,64,40,6.69,NO,1715289124
57,hasaki,35.7333,140.8333,7.22,58,0,3.05,JP,1715289124
58,tura,25.5198,90.2201,20.9,86,100,1.24,IN,1715289125
59,choibalsan,48.0667,114.5,6.44,75,99,3.17,MN,1715289126
60,sinabang,2.4803,96.3801,26.8,86,100,1.34,ID,1715289126
61,edinburgh of the seven seas,-37.0676,-12.3116,12.17,54,79,2.27,SH,1715289127
62,college,64.8569,-147.8028,10.97,50,75,5.14,US,1715288995
63,mar del plata,-38.0023,-57.5575,15.05,62,5,1.79,AR,1715289128
64,kuraymah,18.55,31.85,29.69,9,15,4.66,SD,1715289128
65,bandar abbas,27.1865,56.2808,26.99,69,0,2.06,IR,1715289129
66,klyuchi,52.2667,79.1667,18.86,42,100,6.88,RU,1715289130
67,gangolli,13.65,74.6667,26.92,81,96,1.97,IN,1715289130
68,flin flon,54.7682,-101.865,19.91,26,75,5.14,CA,1715288621
69,alice springs,-23.7,133.8833,13.75,94,100,1.03,AU,1715288914
70,modasa,23.4667,73.3,30.78,44,0,4.05,IN,1715289131
71,nobres,-14.7203,-56.3275,28.45,52,4,1.39,BR,1715289132
72,wailua homesteads,22.0669,-159.378,26.24,82,40,4.63,US,1715289132
73,mbanza-ngungu,-5.25,14.8667,22.49,93,89,1.38,CD,1715289133
74,papatowai,-46.5619,169.4708,7.85,82,98,6.91,NZ,1715289133
75,sitka,57.0531,-135.33,11.94,71,100,8.23,US,1715289134
76,kirov,58.5966,49.6601,-1.34,88,100,5.36,RU,1715289134
77,west island,-12.1568,96.8225,26.99,83,100,6.69,CC,1715289135
78,kodiak,57.79,-152.4072,4.73,75,75,3.6,US,1715289135
79,san salvador de jujuy,-24.1946,-65.2971,13.2,81,80,1.36,AR,1715289136
80,iskateley,67.6803,53.1512,-1.66,95,100,11.62,RU,1715289136
81,maun,-19.9833,23.4167,16.42,30,1,3.18,BW,1715289137
82,saurimo,-9.6608,20.3916,20.45,57,68,2.11,AO,1715289137
83,kiruna,67.8557,20.2251,0.51,86,75,3.6,SE,1715289138
84,lazaro cardenas,17.9583,-102.2,27.64,60,78,4.43,MX,1715289138
85,sinop,41.7711,34.8709,10.38,93,100,2.05,TR,1715289139
86,qamdo,31.1667,97.2333,4.23,62,97,2.25,CN,1715289139
87,atafu village,-8.5421,-172.5159,29.29,74,99,2.41,TK,1715289140
88,klimavichy,53.6135,31.9385,1.27,59,33,3.57,BY,1715289140
89,puerto ayora,-0.7393,-90.3518,27.98,94,99,0.89,EC,1715289141
90,point pedro,9.8167,80.2333,28.31,81,100,3.35,LK,1715289142
91,hualien city,23.9769,121.6044,20.66,80,18,1.56,TW,1715289143
92,yarega,63.4354,53.5765,-5.07,94,14,2.97,RU,1715289143
93,tarawa,1.419,172.984,29.05,84,75,2.06,KI,1715289144
94,mesyagutovo,55.5303,58.2528,1.84,65,100,3.0,RU,1715289144
95,nazarabad,35.9521,50.6075,12.3,60,57,2.37,IR,1715289145
96,ust-nera,64.5667,143.2,2.44,92,100,1.78,RU,1715289145
97,westport,41.1415,-73.3579,20.44,53,0,2.57,US,1715289146
98,sao paulo de olivenca,-3.3783,-68.8725,28.74,90,55,0.96,BR,1715289147
99,anadyr,64.75,177.4833,-4.72,68,40,4.0,RU,1715289147
100,tadine,-21.55,167.8833,21.93,55,58,5.33,NC,1715289148
101,naze,28.3667,129.4833,18.34,69,97,3.36,JP,1715289008
102,pirallahi,40.4723,50.333,13.08,77,0,3.11,AZ,1715289149
103,bredasdorp,-34.5322,20.0403,11.94,91,0,2.8,ZA,1715289149
104,port blair,11.6667,92.75,29.06,77,100,1.69,IN,1715289150
105,udachny,66.4167,112.4,-9.2,94,91,3.19,RU,1715289150
106,codrington,-38.2667,141.9667,13.48,89,100,3.4,AU,1715289150
107,talnakh,69.4865,88.3972,-15.44,82,13,1.6,RU,1715289151
108,kenora,49.8167,-94.4337,17.54,29,40,4.02,CA,1715289152
109,sweet home,44.3976,-122.7362,26.64,51,0,4.02,US,1715289152
110,margate,51.3813,1.3862,14.27,80,14,1.34,GB,1715289153
111,sola,-13.8833,167.55,26.14,63,100,9.08,VU,1715289153
112,n'zeto,-7.2312,12.8666,25.42,91,14,2.46,AO,1715289154
113,saint-joseph,-21.3667,55.6167,21.21,79,33,7.04,RE,1715289154
114,dalbandin,28.8947,64.4101,30.19,20,5,5.86,PK,1715289155
115,zhosaly,45.4878,64.0781,15.9,52,52,3.86,KZ,1715289155
116,margaret river,-33.95,115.0667,19.45,84,37,6.9,AU,1715289156
117,keflavik,64.0049,-22.5624,7.95,70,0,3.6,IS,1715289156
118,colonia,50.9333,6.95,15.53,78,0,1.54,DE,1715289157
119,albany,42.6001,-73.9662,18.65,47,84,0.89,US,1715288883
120,remire-montjoly,4.9167,-52.2667,27.02,89,75,1.54,GF,1715289157
121,sao jose da coroa grande,-8.8978,-35.1478,28.07,63,99,5.12,BR,1715289158
122,carroll,39.5501,-77.0164,20.62,83,100,3.6,US,1715289158
123,vilyuchinsk,52.9306,158.4028,5.15,69,6,3.09,RU,1715289159
124,soe,-9.8607,124.284,17.34,97,30,2.04,ID,1715289160
125,tiksi,71.6872,128.8694,-6.11,92,100,1.75,RU,1715289160
126,khash,28.2211,61.2158,22.39,17,0,2.2,IR,1715289161
127,cabo san lucas,22.8909,-109.9124,30.9,39,20,3.09,MX,1715288970
128,aral,40.5156,81.2636,23.72,24,96,6.11,CN,1715289162
129,thompson,55.7435,-97.8558,16.09,59,75,2.57,CA,1715289162
130,rawson,-43.3002,-65.1023,11.3,53,10,3.41,AR,1715289163
131,mount gambier,-37.8333,140.7667,9.3,90,79,1.16,AU,1715289163
132,musoma,-1.5,33.8,20.52,88,100,2.95,TZ,1715289164
133,nilgiri,21.4581,86.7669,24.41,81,5,1.84,IN,1715289164
134,turkmenbasy,40.0222,52.9552,17.15,56,1,2.86,TM,1715289165
135,nar'yan-mar,67.6713,53.087,-1.61,95,100,11.62,RU,1715289165
136,sochi,43.6,39.7303,14.05,71,100,2.32,RU,1715289166
137,llaillay,-32.85,-70.9667,18.47,45,100,2.2,CL,1715289166
138,lake city,30.1897,-82.6393,30.39,63,75,9.26,US,1715289167
139,kill devil hills,36.0307,-75.676,30.0,54,0,5.66,US,1715289146
140,kolonia town,6.964,158.206,28.06,78,100,5.14,FM,1715289168
141,paragominas,-2.9667,-47.4833,25.71,91,100,1.67,BR,1715289169
142,st. john's,47.5649,-52.7093,8.71,74,75,3.09,CA,1715289169
143,qaqortoq,60.7167,-46.0333,3.17,71,100,1.66,GL,1715289170
144,malango,-2.9627,119.9001,18.69,97,80,0.98,ID,1715289170
145,dul'durga,50.6761,113.5931,2.87,73,98,8.16,RU,1715289171
146,urengoy,65.9667,78.3667,-0.21,98,100,8.19,RU,1715289171
147,iqaluit,63.7506,-68.5145,-1.15,74,75,2.57,CA,1715289172
148,la'ie,21.6477,-157.9253,28.98,83,10,2.24,US,1715289172
149,tazovsky,67.4667,78.7,-5.42,96,100,6.13,RU,1715289173
150,arraial do cabo,-22.9661,-42.0278,23.92,88,0,2.06,BR,1715289174
151,geraldton,-28.7667,114.6,20.23,64,100,5.66,AU,1715289006
152,saint-leu,-21.15,55.2833,23.46,73,33,2.63,RE,1715289175
153,kibre mengist,5.8833,38.9833,16.75,97,100,0.66,ET,1715289175
154,barclayville,4.6797,-8.2339,26.52,89,100,2.56,LR,1715289176
155,ancud,-41.8697,-73.8203,9.76,74,49,5.29,CL,1715289176
156,vernon,50.2581,-119.2691,25.52,20,56,1.54,CA,1715289177
157,can tho,10.0333,105.7833,25.99,100,20,0.51,VN,1715289177
158,whitehorse,60.7161,-135.0538,10.43,57,75,8.75,CA,1715289178
159,dawei,14.0833,98.2,26.16,84,36,1.48,MM,1715289178
160,berdigestyakh,62.0989,126.6992,-3.16,68,67,4.4,RU,1715289179
161,parnamirim,-5.9156,-35.2628,28.19,86,70,3.5,BR,1715289179
162,fortuna,40.5982,-124.1573,26.63,44,20,6.17,US,1715289030
163,port lincoln,-34.7333,135.8667,13.48,83,0,3.67,AU,1715288888
164,kailua-kona,19.6406,-155.9956,27.98,78,40,4.63,US,1715289037
165,la passe,45.5549,-0.8967,17.13,89,9,4.99,FR,1715289181
166,georgetown,5.4112,100.3354,28.3,89,20,1.03,MY,1715289016
167,hell-ville,-13.4,48.2667,26.65,74,96,2.24,MG,1715289182
168,crane,31.3974,-102.3501,32.57,11,0,6.0,US,1715289183
169,rovaniemi,66.5,25.7167,0.67,93,100,4.63,FI,1715289183
170,conde,-7.2597,-34.9075,24.7,100,75,5.14,BR,1715289184
171,ozark,37.0209,-93.206,26.07,44,5,2.24,US,1715289184
172,eyl,7.9803,49.8164,28.81,83,60,3.94,SO,1715289185
173,hadibu,12.65,54.0333,28.83,73,92,0.81,YE,1715289185
174,manuguru,17.981,80.7547,25.74,74,66,1.66,IN,1715289186
175,lerwick,60.1545,-1.1494,9.0,79,100,3.5,GB,1715289186
176,egilsstadir,65.2653,-14.3948,7.95,49,0,2.06,IS,1715289187
177,mogadishu,2.0371,45.3438,27.59,84,89,6.8,SO,1715288921
178,lompoc,34.6391,-120.4579,26.08,55,0,3.09,US,1715288941
179,hawaiian paradise park,19.5933,-154.9731,26.73,76,75,4.12,US,1715289188
180,olonkinbyen,70.9221,-8.7187,-1.92,80,11,8.09,SJ,1715289188
181,hithadhoo,-0.6,73.0833,28.66,80,100,4.93,MV,1715289189
182,saint-pierre,-21.3393,55.4781,21.82,68,0,2.06,RE,1715289189
183,saipan,15.1355,145.701,28.39,89,75,6.69,MP,1715289190
184,botro,7.8525,-5.3106,26.71,71,100,0.89,CI,1715289190
185,pembroke,45.8168,-77.1162,15.1,43,98,2.49,CA,1715289191
186,salekhard,66.53,66.6019,-3.11,95,100,11.62,RU,1715289191
187,niquelandia,-14.4739,-48.4597,23.72,48,4,1.57,BR,1715289192
188,tejen,37.3834,60.5054,13.55,90,100,8.25,TM,1715289192
189,nemuro,43.3236,145.575,4.61,89,73,3.45,JP,1715289193
190,kakanj,44.1272,18.1181,13.66,95,86,1.5,BA,1715289194
191,ulsteinvik,62.3432,5.8487,7.64,76,29,4.02,NO,1715289195
192,takoradi,4.8845,-1.7554,28.2,81,100,3.12,GH,1715289195
193,denov,38.2667,67.9,20.29,74,99,2.56,UZ,1715289196
194,cuero,29.0939,-97.2892,33.9,63,32,0.89,US,1715289197
195,prince rupert,54.3161,-130.3201,12.05,84,100,5.66,CA,1715289197
196,fedorovskiy,45.0972,40.9517,11.74,68,100,4.2,RU,1715289198
197,lihue,21.9789,-159.3672,26.58,77,40,4.63,US,1715289198
198,minas de marcona,-15.2119,-75.1103,18.43,60,4,6.98,PE,1715289199
199,keetmanshoop,-26.5833,18.1333,24.51,35,44,0.51,NA,1715289200
200,sisimiut,66.9395,-53.6735,-0.85,73,10,3.32,GL,1715289200
201,klaksvik,62.2266,-6.589,7.51,79,100,9.89,FO,1715289200
202,tommot,58.9564,126.2925,-0.88,84,97,0.46,RU,1715289201
203,songyuan,45.1171,124.8568,15.41,22,100,8.01,CN,1715289201
204,lorengau,-2.0226,147.2712,25.98,88,100,2.52,PG,1715289202
205,valley city,46.9233,-98.0032,21.29,35,0,4.63,US,1715289203
206,kalabo,-14.97,22.6814,17.87,34,13,2.79,ZM,1715289203
207,belton,38.812,-94.5319,23.94,39,0,7.2,US,1715289204
208,adre,13.4667,22.2,30.18,13,1,5.81,TD,1715289204
209,thurso,58.5927,-3.5259,11.14,97,100,3.0,GB,1715289205
210,siocon,7.7061,122.1353,26.03,86,8,2.67,PH,1715289205
211,kavieng,-2.5744,150.7967,27.47,82,100,1.82,PG,1715289205
212,east london,-33.0153,27.9116,20.99,82,28,0.73,ZA,1715289206
213,bikenibeu village,1.3673,173.1241,28.98,84,75,2.06,KI,1715289206
214,nogliki,51.8333,143.1667,6.86,80,100,5.36,RU,1715289207
215,igarka,67.4667,86.5833,-0.55,99,96,5.81,RU,1715289207
216,grand falls-windsor,48.9332,-55.6649,9.17,68,100,1.34,CA,1715289208
217,labrador city,52.9463,-66.9114,8.99,33,0,7.15,CA,1715289209
218,selfoss,63.9331,-20.9971,6.69,57,94,2.4,IS,1715289209
219,tete,-16.1564,33.5867,22.05,64,20,0.0,MZ,1715289210
220,pauini,-7.7136,-66.9764,28.74,72,99,0.88,BR,1715289210
221,san antonio de pale,-1.4014,5.6325,26.87,90,87,6.63,GQ,1715289211
222,okha,53.5739,142.9478,3.47,93,100,2.68,RU,1715289211
223,xining,36.6167,101.7667,14.05,44,100,5.14,CN,1715289212
224,shache,38.4167,77.2406,23.19,18,37,2.4,CN,1715289212
225,ouarzazat,30.9189,-6.8934,30.16,8,40,1.54,MA,1715289213
226,san patricio,28.017,-97.5169,36.76,51,99,3.4,US,1715289213
227,rio grande,-32.035,-52.0986,15.06,66,3,3.5,BR,1715289213
228,mandalgovi,45.7625,106.2708,1.46,68,12,12.47,MN,1715289214
229,tokar,18.4254,37.729,27.55,70,7,3.78,SD,1715289214
230,huarmey,-10.0681,-78.1522,21.81,78,24,5.05,PE,1715289215
231,marka,1.7159,44.7717,26.23,89,15,4.7,SO,1715289215
232,enewetak,11.3474,162.3373,27.52,75,81,8.5,MH,1715289216
233,san juan de uraba,8.7592,-76.5297,28.17,85,90,2.92,CO,1715289216
234,hami,42.8,93.45,17.61,43,0,2.81,CN,1715289217
235,prostejov,49.4719,17.1118,12.3,76,50,1.73,CZ,1715289217
236,taltal,-25.4,-70.4833,16.01,81,100,1.01,CL,1715289218
237,okhotsk,59.3833,143.3,-0.13,96,100,7.17,RU,1715289218
238,marsh harbour,26.5412,-77.0636,25.82,69,4,2.93,BS,1715289219
239,mugia,43.1041,-9.2179,17.73,73,95,2.87,ES,1715289219
240,calama,-22.4667,-68.9333,23.27,9,0,7.72,CL,1715289220
241,isangel,-19.55,169.2667,22.06,100,40,0.0,VU,1715289220
242,les cayes,18.2,-73.75,29.15,69,73,3.43,HT,1715289221
243,myeik,12.4333,98.6,26.96,83,92,1.39,MM,1715289221
244,kristiansund,63.1115,7.732,6.36,65,100,2.57,NO,1715289222
245,tomatlan,19.9333,-105.25,30.92,41,0,4.72,MX,1715289222
246,loei,17.4167,101.5,22.87,83,87,1.09,TH,1715289223
247,labytnangi,66.6572,66.4183,-3.12,95,100,11.57,RU,1715289223
248,papao,-17.75,-149.55,29.82,74,37,5.98,PF,1715289224
249,bubaque,11.2833,-15.8333,26.4,75,70,2.17,GW,1715289224
250,wuwei,37.9281,102.6414,13.5,69,100,7.02,CN,1715289225
251,ofunato,39.0717,141.7167,9.8,62,0,3.63,JP,1715289225
252,flying fish cove,-10.4217,105.6791,26.82,78,100,7.2,CX,1715289226
253,piti village,13.4626,144.6933,29.03,87,0,4.63,GU,1715289226
254,sao gabriel da cachoeira,-0.1303,-67.0892,28.47,86,91,0.8,BR,1715289227
255,bol,13.4586,14.7147,29.91,52,88,2.74,TD,1715289228
256,kidal,18.4411,1.4078,36.05,8,0,5.03,ML,1715289228
257,novyy urgal,51.0736,132.5642,2.88,47,3,0.72,RU,1715289229
258,laguna,38.421,-121.4238,30.99,23,0,3.6,US,1715288965
259,constantia,44.1833,28.65,10.39,68,100,5.28,RO,1715289230
260,persembe,41.0656,37.7714,14.68,91,100,1.55,TR,1715289230
261,childress,34.4264,-100.204,27.14,21,40,6.69,US,1715289231
262,sanibel,26.449,-82.0223,33.37,76,2,3.13,US,1715289232
263,camana,-16.6228,-72.7111,19.59,77,46,2.83,PE,1715289232
264,puerto baquerizo moreno,-0.9,-89.6,27.55,69,40,7.72,EC,1715289233
265,north bend,43.4065,-124.2243,27.73,49,0,8.23,US,1715289233
266,sidi bel abbes,35.1899,-0.6309,15.5,46,99,2.06,DZ,1715289234
267,erenhot,43.6475,111.9767,13.78,42,100,3.79,CN,1715289234
268,byron bay,-28.65,153.6167,15.95,82,95,3.72,AU,1715289235
269,dalnegorsk,44.5604,135.5701,5.89,53,25,2.24,RU,1715289235
270,broken hill,-31.95,141.4333,11.43,95,11,2.32,AU,1715289235
271,marquette,46.5333,-87.6335,12.65,64,4,1.34,US,1715289236
272,tsiombe,-25.3,45.4833,21.3,78,0,2.61,MG,1715289236
273,gomez farias,23.05,-99.15,42.82,14,25,4.02,MX,1715289237
274,manta,-0.95,-80.7333,28.1,74,100,2.45,EC,1715289237
275,san julian,21.0167,-102.1667,34.0,8,4,3.48,MX,1715289238
276,namie,37.4833,141.0,9.43,75,0,2.33,JP,1715289238
277,mahavelona,-17.6848,49.5087,21.62,90,40,3.42,MG,1715289239
278,olyokminsk,60.3736,120.4264,-0.27,82,79,1.89,RU,1715289239
279,nantucket,41.2835,-70.0995,14.08,71,0,6.69,US,1715289240
280,petropavlovsk-kamchatsky,53.0452,158.6483,5.33,66,0,6.26,RU,1715289240
281,primero de enero,21.9469,-78.4283,32.32,47,22,7.65,CU,1715289241
282,antsiranana,-12.2787,49.2917,24.84,68,15,7.0,MG,1715289241
283,palikir - national government center,6.9248,158.1611,27.47,78,100,5.14,FM,1715289242
284,shingu,33.7333,135.9833,9.96,46,0,2.18,JP,1715289242
285,touros,-5.1989,-35.4608,27.03,85,98,5.07,BR,1715289243
286,ajaccio,42.0,8.9167,16.03,67,0,2.57,FR,1715289243
287,totoras,-32.5844,-61.1685,11.25,58,38,2.95,AR,1715289244
288,ayorou,14.7308,0.9174,36.65,17,70,3.93,NE,1715289244
289,chonchi,-42.6128,-73.8092,8.95,81,47,3.42,CL,1715289245
290,monrovia,6.3005,-10.7969,27.87,82,93,3.53,LR,1715289245
291,revda,56.801,59.9303,-1.22,77,8,1.67,RU,1715289246
292,hammerfest,70.6634,23.6821,1.25,86,75,4.63,NO,1715289246
293,hacienda huancane,-15.8222,-70.8856,10.48,42,94,2.04,PE,1715289247
294,taulaga,-11.0553,-171.0883,29.25,74,97,3.7,AS,1715289247
295,lugoj,45.6886,21.9031,13.88,92,99,1.16,RO,1715289248
296,feijo,-8.1642,-70.3536,31.42,63,72,0.36,BR,1715289248
297,afaahiti,-17.75,-149.2833,28.93,78,88,6.34,PF,1715289249
298,korla,41.7597,86.1469,19.6,18,0,2.2,CN,1715289249
299,kuusamo,65.9667,29.1833,-2.98,68,0,0.51,FI,1715289250
300,bac lieu,9.285,105.7244,29.5,73,93,5.82,VN,1715289250
301,porto novo,6.4965,2.6036,29.9,78,100,4.29,BJ,1715289251
302,natal,-5.795,-35.2094,28.36,74,20,2.57,BR,1715289065
303,ishigaki,24.3448,124.1572,23.07,68,75,3.6,JP,1715289252
304,quellon,-43.1167,-73.6167,8.53,83,69,4.7,CL,1715289252
305,la sarre,48.8002,-79.1996,14.68,35,98,4.89,CA,1715289253
306,riacho de santana,-13.6092,-42.9389,27.23,40,0,3.86,BR,1715289254
307,kaoma,-14.7833,24.8,15.44,47,67,2.58,ZM,1715289254
308,tazacorte,28.629,-17.9293,20.54,89,0,5.66,ES,1715289255
309,guarapari,-20.6667,-40.4975,26.61,87,15,3.46,BR,1715289256
310,dzhalagash,45.0833,64.6667,16.54,53,91,4.22,KZ,1715289256
311,kone,-21.0595,164.8658,20.74,62,8,1.49,NC,1715289257
312,carnarvon,-24.8667,113.6333,22.67,70,100,2.9,AU,1715289257
313,bel ombre,-4.6167,55.4167,26.91,89,40,1.03,SC,1715289257
314,dalby,-27.1833,151.2667,14.21,81,4,4.44,AU,1715289258
315,floro,61.5996,5.0328,10.13,71,20,4.12,NO,1715289259
316,nova sintra,14.8667,-24.7167,23.96,78,12,10.83,CV,1715289259
317,dudinka,69.4058,86.1778,-15.18,97,27,2.68,RU,1715289260
318,kovdor,67.5662,30.4758,-10.53,94,98,0.9,RU,1715289261
319,gadzhiyevo,69.2551,33.3362,-2.07,82,99,3.75,RU,1715289261
320,zapala,-38.8992,-70.0544,8.99,42,100,5.67,AR,1715289262
321,harnosand,62.6323,17.9379,9.0,72,99,9.74,SE,1715289263
322,walvis bay,-22.9575,14.5053,16.53,77,4,1.54,NA,1715289263
323,tariba,7.8188,-72.2243,26.31,79,75,2.36,VE,1715289264
324,kadnikov,59.5022,40.338,0.46,63,100,5.55,RU,1715289264
325,summerside,46.3959,-63.7876,4.82,100,100,9.26,CA,1715289265
326,bizerte,37.2744,9.8739,16.0,94,20,1.54,TN,1715289265
327,fontanelas,38.8472,-9.4372,20.34,80,0,1.54,PT,1715289266
328,tual,-5.6667,132.75,27.98,80,100,5.92,ID,1715289266
329,saint-louis du nord,19.9333,-72.7167,26.99,79,46,7.55,HT,1715289267
330,zermatt,46.0213,7.7491,8.06,86,11,0.76,CH,1715289267
331,rey bouba,8.6724,14.1786,32.24,36,30,0.45,CM,1715289268
332,port alfred,-33.5906,26.891,18.11,89,0,0.52,ZA,1715289268
333,monte argentario,42.4345,11.1195,17.89,63,100,7.72,IT,1715289269
334,arkalyk,50.2486,66.9114,10.34,78,73,3.56,KZ,1715289269
335,mahibadhoo,3.7833,72.9667,29.19,76,100,4.89,MV,1715289085
336,cidreira,-30.1811,-50.2056,15.58,65,45,3.26,BR,1715289270
337,vila franca do campo,37.7167,-25.4333,18.27,99,49,2.03,PT,1715289271
338,aasiaat,68.7098,-52.8699,-5.18,77,74,2.53,GL,1715289272
339,saint-denis,48.9167,2.3333,16.88,69,0,3.09,FR,1715289273
340,belyy yar,53.6039,91.3903,2.94,75,0,0.0,RU,1715289273
341,grivita,44.7333,27.2833,10.85,67,77,2.32,RO,1715289274
342,kuopio,62.8924,27.677,2.97,48,0,0.0,FI,1715289274
343,al jawf,29.5,38.75,26.09,14,5,7.7,SA,1715289275
344,luderitz,-26.6481,15.1594,14.11,84,0,5.13,NA,1715289275
345,kuroiso,36.9667,140.05,7.46,57,0,0.64,JP,1715289276
346,batticaloa,7.7102,81.6924,26.53,87,100,2.22,LK,1715289162
347,mirny,62.5353,113.9611,-2.65,77,85,2.68,RU,1715289277
348,luau,-10.7073,22.2247,19.02,55,16,1.87,AO,1715289278
349,khandyga,62.6667,135.6,0.45,88,100,1.36,RU,1715289278
350,pemangkat,1.1667,108.9667,25.94,87,70,2.24,ID,1715289278
351,envira,-7.3,-70.2167,26.4,92,83,1.44,BR,1715289279
352,el nido,11.1858,119.3956,29.05,73,10,5.17,PH,1715289279
353,weno,7.4515,151.8468,28.97,79,100,3.6,FM,1715289280
354,holualoa,19.6228,-155.9522,25.91,80,40,4.63,US,1715289280
355,new norfolk,-42.7826,147.0587,12.18,97,99,0.66,AU,1715289281
356,withernsea,53.7311,0.0335,15.14,86,66,2.72,GB,1715289282
357,aykhal,66.0,111.5,-11.36,97,100,2.21,RU,1715289282
358,ruteng,-8.6136,120.4721,17.54,96,82,0.86,ID,1715289283
359,yashkul',46.1711,45.3435,11.86,36,100,6.91,RU,1715289283
360,haiku-pauwela,20.9219,-156.3051,26.23,82,40,8.75,US,1715289284
361,fale old settlement,-9.3852,-171.2468,29.09,74,100,2.29,TK,1715289284
362,livani,56.3543,26.1758,5.6,91,80,2.85,LV,1715289285
363,braganca paulista,-22.94,-46.5556,21.15,61,10,1.1,BR,1715289286
364,susuman,62.7833,148.1667,-0.57,86,100,1.79,RU,1715289286
365,hyesan,41.4017,128.1778,9.45,74,100,0.58,KP,1715289287
366,poronaysk,49.2167,143.1167,6.65,77,100,1.46,RU,1715289287
367,visakhapatnam,17.69,83.2093,28.44,77,93,1.95,IN,1715289049
368,portland,45.5234,-122.6762,28.41,30,20,10.8,US,1715289277
369,vylkove,45.4021,29.586,12.84,71,94,3.68,UA,1715289289
370,ar ruways,24.1103,52.7306,26.17,55,1,8.03,AE,1715289289
371,pangody,65.85,74.4859,0.81,98,100,11.54,RU,1715289290
372,bamboo flat,11.7,92.7167,28.53,77,100,1.57,IN,1715289291
373,sao joao da barra,-21.6403,-41.0511,26.05,87,26,5.71,BR,1715289291
374,sandnessjoen,66.0217,12.6316,5.29,81,75,6.17,NO,1715289292
375,lucapa,-8.4192,20.7447,23.16,50,96,1.66,AO,1715289293
376,fada,9.5667,8.3,26.28,63,96,1.16,NG,1715289293
377,ixtapa,20.7,-105.2,28.57,58,0,5.66,MX,1715289294
378,praia da vitoria,38.7333,-27.0667,18.2,77,20,1.78,PT,1715289295
379,bodaybo,57.8506,114.1933,3.27,96,100,2.12,RU,1715289295
380,degerfors,59.238,14.4308,9.94,98,99,1.53,SE,1715289296
381,port shepstone,-30.7414,30.455,23.08,58,2,2.02,ZA,1715289296
382,ciudad mante,22.7333,-98.9667,48.13,11,0,5.7,MX,1715289238
383,ukata,10.8312,5.8249,31.1,47,100,2.15,NG,1715289297
384,yen vinh,18.6667,105.6667,24.32,94,12,1.25,VN,1715289298
385,muli,2.9167,73.5667,29.39,74,100,5.35,MV,1715289298
386,big bend,-26.8167,31.9333,17.86,81,0,1.83,SZ,1715289299
387,harstad,68.799,16.5293,2.86,96,90,7.15,NO,1715289299
388,mishkino,55.3389,63.9175,2.69,70,7,2.52,RU,1715289300
389,bakri,2.0441,102.6527,26.67,93,91,2.24,MY,1715289300
390,bonthe,7.5264,-12.505,28.69,81,51,3.81,SL,1715289301
391,marotta,43.764,13.1477,16.49,73,56,3.19,IT,1715289301
392,la ronge,55.1001,-105.2842,20.12,22,75,7.72,CA,1715289302
393,havre,49.5833,0.3333,12.87,88,42,3.6,FR,1715289302
394,ridder,50.355,83.5133,12.41,46,80,3.03,KZ,1715289303
395,smolensk,55.0,33.0,0.09,71,84,2.88,RU,1715289303
396,borodino,55.9106,94.8983,3.27,75,98,1.81,RU,1715289304
397,neiafu,-18.65,-173.9833,26.38,78,20,2.57,TO,1715289304
398,massakory,12.996,15.7293,35.23,15,28,2.11,TD,1715289305
399,alibag,18.6411,72.8792,29.04,79,2,2.89,IN,1715289305
400,jyvaskyla,62.2415,25.7209,6.19,75,100,3.09,FI,1715289306
401,darwin,-12.4611,130.8418,26.99,81,100,2.57,AU,1715288822
402,komsomol'skiy,43.9783,46.6985,13.5,58,100,3.66,RU,1715289307
403,chok chai,14.7284,102.1652,27.11,100,99,1.61,TH,1715289307
404,concepcion del oro,24.6333,-101.4167,29.02,9,29,8.15,MX,1715289308
405,deniliquin,-35.5333,144.9667,12.97,94,100,3.43,AU,1715289308
406,kruisfontein,-34.0033,24.7314,12.16,87,0,1.19,ZA,1715289309
407,jobner,26.9667,75.3833,30.68,28,6,4.7,IN,1715289309
408,kakata,6.53,-10.3517,27.49,95,94,1.18,LR,1715289310
409,kitimat,54.0524,-128.6534,20.94,49,56,2.24,CA,1715289310
410,las tablas,7.7667,-80.2833,30.1,99,100,2.72,PA,1715289311
411,blackpool,53.8167,-3.05,15.94,85,100,0.51,GB,1715289311
412,pimenta bueno,-11.6725,-61.1936,29.8,70,6,1.55,BR,1715289312
413,mombetsu,44.3525,143.3525,8.25,78,92,3.73,JP,1715289312
414,mahad,18.0833,73.4167,26.46,81,1,0.82,IN,1715289313
415,mazagao,-0.115,-51.2894,29.03,94,90,1.74,BR,1715289313
416,la junta,37.985,-103.5438,17.32,33,100,4.12,US,1715289307
417,saundatti,15.7833,75.1167,26.92,60,100,4.63,IN,1715289314
418,bahar,34.9072,48.4414,6.09,87,20,1.03,IR,1715289314
419,ouani,-12.1322,44.4258,27.03,72,3,3.68,KM,1715289315
420,howrah,22.5892,88.3103,24.0,83,75,2.57,IN,1715289315
421,mount isa,-20.7333,139.5,17.87,94,40,2.57,AU,1715289316
422,tingo maria,-9.2895,-76.0088,28.17,78,40,1.03,PE,1715289317
423,eenhana,-17.4667,16.3333,20.38,28,1,3.51,NA,1715289317
424,jiexiu,37.0244,111.9125,18.6,64,69,2.5,CN,1715289317
425,ar rass,25.8694,43.4973,28.05,20,100,7.84,SA,1715289318
426,rafsanjan,30.4067,55.9939,17.2,31,0,6.25,IR,1715289318
427,tarija,-21.5355,-64.7296,22.95,53,0,2.57,BO,1715289319
428,guiuan,11.0333,125.7247,28.68,71,17,5.32,PH,1715289320
429,chinde,26.8418,88.0763,17.95,62,100,1.1,NP,1715289320
430,aoulef,26.9667,1.0833,29.47,12,2,4.6,DZ,1715289321
431,cienega de flores,25.95,-100.1833,44.73,25,40,6.17,MX,1715289321
432,corn island,12.1694,-83.0418,28.89,76,53,5.09,NI,1715289322
433,paide,58.8856,25.5572,3.26,94,100,2.13,EE,1715289322
434,cockburn town,21.4612,-71.1419,25.52,74,12,5.7,TC,1715289323
435,kita,13.0349,-9.4895,34.3,37,88,1.77,ML,1715289323
436,dzhankoy,45.7167,34.4,10.46,61,76,2.95,UA,1715289324
437,ghanzi,-21.5667,21.7833,17.88,21,0,4.07,BW,1715289324
438,tougan,13.0667,-3.0667,37.03,23,20,2.71,BF,1715289325
439,horodnytsya,50.807,27.3168,6.92,78,17,1.69,UA,1715289325
440,happy valley-goose bay,53.3168,-60.3315,4.17,81,100,1.03,CA,1715289326
441,along,28.1667,94.7667,13.62,88,53,0.4,IN,1715289326
442,grand gaube,-20.0064,57.6608,25.22,75,34,1.34,MU,1715289327
443,sorong,-0.8833,131.25,26.37,89,100,4.32,ID,1715289328
444,playa vicente,17.8333,-95.8167,47.22,9,89,5.93,MX,1715289329
445,crucecita,-28.95,-58.9833,12.82,68,95,2.47,AR,1715289330
446,magistral'nyy,56.1725,107.4458,2.98,80,100,4.44,RU,1715289330
447,antofagasta,-23.65,-70.4,16.6,79,100,3.03,CL,1715289331
448,aleksandrovsk-sakhalinskiy,50.8975,142.1561,5.31,97,100,3.81,RU,1715289332
449,kapuskasing,49.4169,-82.4331,16.05,29,20,4.63,CA,1715289332
450,mountain home,43.133,-115.6912,19.71,39,0,2.24,US,1715289333
451,coquimbo,-29.9533,-71.3436,13.85,82,100,3.6,CL,1715289277
452,khorixas,-20.3667,14.9667,25.25,32,69,2.28,NA,1715289334
453,lluta,-16.0147,-72.0142,13.35,49,4,3.78,PE,1715289334
454,pogranichnyy,44.4064,131.3769,11.09,40,100,1.32,RU,1715289335
455,baki,-7.6128,110.7839,23.93,93,11,0.7,ID,1715289335
456,moral de calatrava,38.7919,-3.5786,20.2,34,100,2.08,ES,1715289336
457,gamboma,-1.8764,15.8644,27.14,64,88,0.98,CG,1715289337
458,island harbour,50.724,-1.2758,14.55,85,74,0.45,GB,1715289337
459,nouadhibou,20.931,-17.0347,19.99,83,20,7.72,MR,1715289338
460,brisas de zicatela,15.8369,-97.0419,28.29,83,0,3.6,MX,1715289338
461,phalaborwa,-23.943,31.1411,18.65,45,0,0.83,ZA,1715289339
462,nyala,12.05,24.8833,29.29,10,32,5.21,SD,1715289339
463,port saint john's,-31.6229,29.5448,21.13,78,5,1.9,ZA,1715289340
464,sharm el-sheikh,27.8518,34.305,26.58,40,0,2.11,EG,1715289340
465,sterling,39.0062,-77.4286,24.36,61,75,3.09,US,1715289340
466,dunedin,-45.8742,170.5036,8.22,96,100,4.02,NZ,1715289076
467,prado,-17.3411,-39.2208,25.65,82,1,1.75,BR,1715289341
468,tanout,14.9709,8.8879,35.02,11,100,2.48,NE,1715289342
469,valenca do piaui,-6.4075,-41.7456,26.03,70,63,2.01,BR,1715289343
470,pleasant hill,37.948,-122.0608,29.99,29,0,3.6,US,1715289343
471,phan thiet,10.9333,108.1,25.78,87,40,3.89,VN,1715289344
472,coron,11.9986,120.2043,27.87,76,55,4.43,PH,1715289344
473,leninskoye,41.7589,69.3864,14.42,89,100,2.56,KZ,1715289345
474,paso de los toros,-32.8167,-56.5167,10.4,70,6,2.12,UY,1715289345
475,raja,8.4596,25.678,28.22,17,95,1.51,SS,1715289346
476,novaya mayna,54.15,49.75,0.6,75,28,4.59,RU,1715289346
477,lanzhou,36.0564,103.7922,17.69,40,100,4.48,CN,1715289347
478,port antonio,18.18,-76.4612,31.95,79,100,3.39,JM,1715289347
479,keilor,-37.7167,144.8333,14.21,95,75,0.51,AU,1715289348
480,pandan,14.0453,124.1694,25.75,88,30,2.64,PH,1715289348
481,guangyuan,32.442,105.823,16.59,95,65,0.69,CN,1715289349
482,shahrud,36.4182,54.9763,11.21,59,71,3.57,IR,1715289350
483,kiffa,16.6166,-11.4045,35.52,3,0,1.98,MR,1715289350
484,altai,46.3722,96.2583,3.78,50,0,0.9,MN,1715289351
485,kapa'a,22.0752,-159.319,26.99,80,40,4.63,US,1715289351
486,cajamarca,-7.1638,-78.5003,20.04,56,75,3.6,PE,1715289352
487,fuglafjordur,62.244,-6.814,7.26,79,100,9.32,FO,1715289352
488,nadi,-17.8,177.4167,24.0,60,40,3.09,FJ,1715289353
489,argo,37.6333,22.7333,15.87,75,94,2.52,GR,1715289353
490,vorkuta,67.5,64.0,-2.16,74,100,9.39,RU,1715289353
491,usinsk,65.9939,57.5281,-1.07,97,100,1.34,RU,1715289354
492,gaoual,11.75,-13.2,26.78,80,100,1.7,GN,1715289354
493,silver city,32.7701,-108.2803,22.6,19,40,6.26,US,1715289355
494,quepos,9.4236,-84.1652,28.61,77,95,1.14,CR,1715289355
495,tyukhtet,56.5389,89.3011,6.79,67,100,3.6,RU,1715289356
496,argostolion,38.1811,20.489,15.96,83,100,3.32,GR,1715289356
497,uliastay,47.7417,96.8444,3.04,65,4,1.26,MN,1715289357
498,arkhangel'sk,64.5401,40.5433,-2.15,97,100,7.0,RU,1715289357
499,sao vicente,-23.9631,-46.3919,27.1,68,100,3.09,BR,1715289358
500,ola,59.5833,151.2833,0.08,88,28,0.47,RU,1715289359
501,murun-kuren,49.6342,100.1625,3.46,48,0,4.24,MN,1715289359
502,porto seguro,-16.4497,-39.0647,25.29,88,75,1.54,BR,1715289360
503,al kharijah,25.4514,30.5464,28.37,9,0,2.31,EG,1715289360
504,vorgashor,67.5833,63.95,-2.33,74,100,9.05,RU,1715289361
505,polyarnyy,69.1989,33.4478,-3.0,84,100,3.57,RU,1715289361
506,thinadhoo,0.5333,72.9333,28.97,78,95,5.41,MV,1715289362
507,puerto maldonado,-12.6,-69.1833,31.22,84,20,2.57,PE,1715289363
508,tianfu,37.1936,122.0511,12.68,89,71,5.11,CN,1715289364
509,nushki,29.5542,66.0215,29.68,19,53,4.07,PK,1715289365
510,nykvarn,59.8,18.3,9.57,99,100,2.22,SE,1715289365
511,vila velha,-20.3297,-40.2925,26.97,87,0,4.12,BR,1715289366
512,graaff-reinet,-32.2522,24.5308,21.48,37,34,2.26,ZA,1715289367
513,solnechnyy,50.7214,136.6319,3.91,61,2,1.44,RU,1715289367
514,sona,45.4388,10.8255,17.75,75,0,2.06,IT,1715289368
515,kastsyukovichy,53.3516,32.0506,1.37,60,23,3.26,BY,1715289368
516,puerto barrios,15.7167,-88.6,34.08,66,100,3.09,GT,1715289369
517,villa de costa rica,24.5875,-107.3875,38.01,17,76,7.8,MX,1715289369
518,juan griego,11.0817,-63.9655,30.17,65,100,6.11,VE,1715289370
519,puerto san jose,13.9256,-90.8244,31.99,58,89,4.68,GT,1715289370
520,virginia,37.5481,-77.4467,28.01,64,100,4.12,US,1715289186
521,constitucion,-35.3333,-72.4167,13.08,70,100,5.0,CL,1715289371
522,mangrol,21.1167,70.1167,27.49,85,0,4.48,IN,1715289372
523,agadez,19.75,10.25,36.42,13,91,2.06,NE,1715289372
524,tobruk,32.0836,23.9764,19.25,79,9,7.55,LY,1715289373
525,apia,-13.8333,-171.7667,27.95,80,100,1.87,WS,1715289193
526,hakui,36.8833,136.7833,10.63,74,3,2.04,JP,1715289374
527,st ives,50.2086,-5.4875,14.18,83,100,4.23,GB,1715289375
528,kotel'nikovo,47.6317,43.1461,7.13,31,100,3.31,RU,1715289375
529,jalqani,12.4486,34.2186,32.44,11,43,3.9,SD,1715289376
530,sulak,43.2734,47.5146,15.07,73,26,7.94,RU,1715289376
531,bich'vinta,43.1592,40.3378,13.1,61,100,1.85,GE,1715289377
532,hailar,49.2,119.7,8.41,67,60,8.37,CN,1715289377
533,kaiyuan,23.6977,103.3037,18.96,93,100,2.73,CN,1715289378
534,buon ma thuot,12.6667,108.05,21.8,95,81,1.57,VN,1715289378
535,markaz-e hukumat-e darweshan,31.1323,64.1934,30.04,26,91,2.74,AF,1715289379
536,portales,34.1862,-103.3344,26.74,24,33,8.14,US,1715289379
537,winnemucca,40.973,-117.7357,15.35,35,59,5.07,US,1715289379
538,valparaiso,-33.0393,-71.6273,18.41,53,0,4.12,CL,1715289277
539,belem de sao francisco,-8.7539,-38.9658,26.01,75,50,8.3,BR,1715289380
540,baishishan,43.5833,127.5667,9.12,51,100,2.15,CN,1715289381
541,kavaratti,10.5669,72.642,30.21,70,100,5.31,IN,1715289381
542,suntar,62.1444,117.6319,-1.96,80,21,1.6,RU,1715289382
543,mena,51.5217,32.2157,2.66,53,17,0.67,UA,1715289382
544,acajutla,13.5928,-89.8275,31.28,62,44,3.6,SV,1715289383
545,akrehamn,59.2667,5.1833,9.44,93,100,5.14,NO,1715289383
546,jiuquan,39.7432,98.5174,12.95,55,100,8.59,CN,1715289384
547,matoury,4.8483,-52.3317,26.98,89,75,1.54,GF,1715289280
548,sindirgi,39.2413,28.1784,14.19,97,100,1.77,TR,1715289385
549,sambava,-14.2667,50.1667,22.84,84,11,5.56,MG,1715289385
550,charters towers,-20.1,146.2667,19.6,89,100,5.34,AU,1715289386
551,mariehamn,60.0973,19.9348,6.57,100,100,2.57,AX,1715289386
552,christchurch,-43.5333,172.6333,8.63,81,5,1.03,NZ,1715289190
553,homer,59.6425,-151.5483,5.94,61,75,4.02,US,1715289387
554,mangalia,43.8,28.5833,13.06,79,100,4.59,RO,1715289388
555,luganville,-15.5333,167.1667,24.32,64,100,4.07,VU,1715289388
556,arica,-18.475,-70.3042,21.75,68,0,3.6,CL,1715289277
557,sampit,-2.5333,112.95,24.09,97,64,1.15,ID,1715289389
558,embi,48.8264,58.1442,7.23,53,6,2.83,KZ,1715289390
559,guatrache,-37.6678,-63.5302,11.72,44,99,4.16,AR,1715289390
560,pinarbasi,38.7229,36.3931,10.3,64,100,1.32,TR,1715289391
561,vangaindrano,-23.35,47.6,21.6,88,67,2.3,MG,1715289391
562,brookings,44.3114,-96.7984,20.61,48,75,5.14,US,1715289392
563,rundu,-17.9333,19.7667,19.15,31,0,2.27,NA,1715289392
564,kiunga,-6.1219,141.2906,23.39,100,100,0.22,PG,1715289393
565,sittwe,20.15,92.9,27.09,75,0,4.41,MM,1715289393
566,poltavka,54.3663,71.7632,14.26,89,66,6.62,RU,1715289394
567,alpine,32.835,-116.7664,25.37,56,0,2.68,US,1715289321
568,turpan,42.9333,89.1667,23.42,20,0,1.21,CN,1715289395
569,el gouna,27.3942,33.6782,24.97,27,0,0.3,EG,1715289395
570,kostomuksha,64.571,30.5767,-7.2,97,57,1.34,RU,1715289396
571,nusaybin,37.0778,41.2178,16.77,45,0,2.47,TR,1715289397
572,akureyri,65.6835,-18.0878,7.96,42,20,1.03,IS,1715289397
573,alofi,-19.0595,-169.9187,26.94,69,30,3.09,NU,1715289398
574,porto franco,-6.3383,-47.3992,27.77,71,93,1.34,BR,1715289398
575,daru,-9.0763,143.2092,26.05,88,100,4.86,PG,1715289399
576,xichang,27.8964,102.2634,15.33,85,100,1.88,CN,1715289399
577,fort saskatchewan,53.7168,-113.2187,22.34,23,20,6.69,CA,1715289400
578,pingliang,35.5392,106.6861,13.74,74,100,2.66,CN,1715289400
579,nahiyat ash shinafiyah,31.5874,44.6602,26.65,21,0,3.17,IQ,1715289401
580,adrar,20.5022,-10.0711,32.77,8,31,3.3,MR,1715289401
581,raj-nandgaon,21.1,81.0333,28.57,50,48,2.89,IN,1715289402
